"minecraft","forge","selection","java","status","build_exit","runtime_exit","jar","jar_sha256","notes"
"1.14.4","28.2.26","recommended","8","DEPENDENCY_FAILED","1",,,,"Three failed dependency/toolchain probes; last failure: Discord IPC 1.1 requires Java 16, target requires Java 8. Baritone 1.4.6 upstream explicitly does not support Forge. Pinyin component alone passes real Java 8 tests; full Meteor not compiled or launched."
"1.15","29.0.4","latest","8","NOT_PORTED",,,,,"Existing 1.20.1 source is not a validated port to this release."
"1.15.1","30.0.51","latest","8","NOT_PORTED",,,,,"Existing 1.20.1 source is not a validated port to this release."
"1.15.2","31.2.57","recommended","8","NOT_PORTED",,,,,"Existing 1.20.1 source is not a validated port to this release."
"1.16.1","32.0.108","latest","8","NOT_PORTED",,,,,"Existing 1.20.1 source is not a validated port to this release."
"1.16.2","33.0.61","latest","8","NOT_PORTED",,,,,"Existing 1.20.1 source is not a validated port to this release."
"1.16.3","34.1.0","recommended","8","NOT_PORTED",,,,,"Existing 1.20.1 source is not a validated port to this release."
"1.16.4","35.1.4","recommended","8","NOT_PORTED",,,,,"Existing 1.20.1 source is not a validated port to this release."
"1.16.5","36.2.34","recommended","8","NOT_PORTED",,,,,"Existing 1.20.1 source is not a validated port to this release."
"1.17.1","37.1.1","recommended","16","NOT_PORTED",,,,,"Existing 1.20.1 source is not a validated port to this release."
"1.18","38.0.17","latest","17","NOT_PORTED",,,,,"Existing 1.20.1 source is not a validated port to this release."
"1.18.1","39.1.0","recommended","17","NOT_PORTED",,,,,"Existing 1.20.1 source is not a validated port to this release."
"1.18.2","40.3.0","recommended","17","NOT_PORTED",,,,,"Existing 1.20.1 source is not a validated port to this release."
"1.19","41.1.0","recommended","17","NOT_PORTED",,,,,"Existing 1.20.1 source is not a validated port to this release."
"1.19.1","42.0.9","latest","17","NOT_PORTED",,,,,"Existing 1.20.1 source is not a validated port to this release."
"1.19.2","43.5.0","recommended","17","NOT_PORTED",,,,,"Existing 1.20.1 source is not a validated port to this release."
"1.19.3","44.1.0","recommended","17","NOT_PORTED",,,,,"Existing 1.20.1 source is not a validated port to this release."
"1.19.4","45.4.0","recommended","17","NOT_PORTED",,,,,"Existing 1.20.1 source is not a validated port to this release."
"1.20","46.0.14","latest","17","NOT_PORTED",,,,,"Existing 1.20.1 source is not a validated port to this release."
"1.20.1","47.4.10","recommended","17","VALIDATED","0","0","meteor-client-0.5.4-mc1.20.1-render-fix-zh.jar","0a7abb89e49680dd2a40f1d1cc12f0234cc2931557fc2cf277c6e22b986e10eb","Forge 47.2.0 build; Forge 47.4.10 Zombie pack and standalone runtime pass. Shader buffer isolation and EntityCulling regressions pass."
"1.20.2","48.1.0","recommended","17","NOT_PORTED",,,,,"Existing 1.20.1 source is not a validated port to this release."
"1.20.3","49.0.2","latest","17","NOT_PORTED",,,,,"Existing 1.20.1 source is not a validated port to this release."
"1.20.4","49.2.0","recommended","17","NOT_PORTED",,,,,"Existing 1.20.1 source is not a validated port to this release."
"1.20.6","50.2.0","recommended","21","NOT_PORTED",,,,,"Existing 1.20.1 source is not a validated port to this release."
"1.21","51.0.33","latest","21","NOT_PORTED",,,,,"Existing 1.20.1 source is not a validated port to this release."
"1.21.1","52.1.0","recommended","21","NOT_PORTED",,,,,"Existing 1.20.1 source is not a validated port to this release."
"1.21.3","53.1.0","recommended","21","NOT_PORTED",,,,,"Existing 1.20.1 source is not a validated port to this release."
"1.21.4","54.1.14","recommended","21","NOT_PORTED",,,,,"Existing 1.20.1 source is not a validated port to this release."
"1.21.5","55.1.0","recommended","21","NOT_PORTED",,,,,"Existing 1.20.1 source is not a validated port to this release."
"1.21.6","56.0.9","latest","21","NOT_PORTED",,,,,"Existing 1.20.1 source is not a validated port to this release."
"1.21.7","57.0.3","latest","21","NOT_PORTED",,,,,"Existing 1.20.1 source is not a validated port to this release."
"1.21.8","58.1.0","recommended","21","NOT_PORTED",,,,,"Existing 1.20.1 source is not a validated port to this release."
"1.21.9","59.0.5","latest","21","NOT_PORTED",,,,,"Existing 1.20.1 source is not a validated port to this release."
"1.21.10","60.1.0","recommended","21","NOT_PORTED",,,,,"Existing 1.20.1 source is not a validated port to this release."
"1.21.11","61.2.0","recommended","21","NOT_PORTED",,,,,"Existing 1.20.1 source is not a validated port to this release."
"26.1","62.0.9","latest","25","NOT_PORTED",,,,,"Existing 1.20.1 source is not a validated port to this release."
"26.1.1","63.0.2","latest","25","NOT_PORTED",,,,,"Existing 1.20.1 source is not a validated port to this release."
"26.1.2","64.1.0","recommended","25","NOT_PORTED",,,,,"Existing 1.20.1 source is not a validated port to this release."
"26.2","65.1.0","recommended","25","NOT_PORTED",,,,,"Existing 1.20.1 source is not a validated port to this release."
"26.3","66.0.9","latest","25","NOT_PORTED",,,,,"Official latest release confirmed; Forge 66.0.9 selected; Java 25 / ForgeGradle 7 / Gradle 9.7.1 MDK inspected. No Yarn 26.3 mappings in the fetched catalog. Native port and game startup have not been attempted."
